-- Domínio para controle de ativo/inativo
CREATE DOMAIN DM_ATIVO AS CHAR(1)
CHECK (VALUE IN ('S', 'N'));

-- Domínio para datas de criação/cadastro
CREATE DOMAIN DM_DATA_CRIACAO AS DATE;

-- Tabela de Produtos
CREATE TABLE TBL_PRODUTOS (
    ID_PRODUTO INTEGER NOT NULL,
    CODIGO VARCHAR(20),
    DESCRICAO VARCHAR(100),
    PRECO_CUSTO DECIMAL(10,2),
    PRECO_VENDA DECIMAL(10,2),
    CATEGORIA VARCHAR(50),
    QUANTIDADE_ESTOQUE INTEGER,
    FORNECEDOR VARCHAR(100),
    ATIVO DM_ATIVO,
    DATA_CADASTRO DM_DATA_CRIACAO,
    PRIMARY KEY (ID_PRODUTO)
);

-- Tabela de Clientes
CREATE TABLE TBL_CLIENTES (
    ID_CLIENTE INTEGER NOT NULL,
    NOME VARCHAR(100),
    CPF_CNPJ VARCHAR(20),
    ENDERECO VARCHAR(150),
    TELEFONE VARCHAR(20),
    EMAIL VARCHAR(100),
    DATA_NASCIMENTO DATE,
    HISTORICO_COMPRAS VARCHAR(255),
    PREFERENCIAS VARCHAR(255),
    ATIVO DM_ATIVO,
    PRIMARY KEY (ID_CLIENTE)
);

-- Tabela de Vendedores
CREATE TABLE TBL_VENDEDORES (
    ID_VENDEDOR INTEGER NOT NULL,
    NOME VARCHAR(100),
    CPF VARCHAR(14),
    TELEFONE VARCHAR(20),
    EMAIL VARCHAR(100),
    ATIVO DM_ATIVO,
    DATA_ADMISSAO DM_DATA_CRIACAO,
    PRIMARY KEY (ID_VENDEDOR)
);

-- Tabela de Vendas
CREATE TABLE TBL_VENDAS (
    ID_VENDA INTEGER NOT NULL,
    DATA_VENDA DM_DATA_CRIACAO,
    HORA TIME,
    ID_CLIENTE INTEGER,
    ID_VENDEDOR INTEGER,
    VALOR_TOTAL DECIMAL(10,2),
    DESCONTO DECIMAL(10,2),
    FORMA_PAGAMENTO VARCHAR(50),
    PRIMARY KEY (ID_VENDA)
);


-- Tabela de Usuários
CREATE TABLE TBL_USUARIOS (
    ID_USUARIO INTEGER NOT NULL,
    NOME VARCHAR(100),
    LOGIN VARCHAR(50),
    SENHA VARCHAR(50),
    PERFIL VARCHAR(30),
    ATIVO DM_ATIVO,
    DATA_CRIACAO DM_DATA_CRIACAO,
    PRIMARY KEY (ID_USUARIO)
);

--Criação das tabelas com PKComposta

CREATE TABLE TBL_ITENS_VENDA (
    ID_VENDA INTEGER NOT NULL,
    ID_PRODUTO INTEGER NOT NULL,
    QUANTIDADE INTEGER,
    PRECO_UNITARIO DECIMAL(10,2),
    DESCONTO DECIMAL(10,2),
    SUBTOTAL DECIMAL(10,2),
    PRIMARY KEY (ID_VENDA, ID_PRODUTO)
);

CREATE TABLE TBL_COMISSOES (
    ID_VENDEDOR INTEGER NOT NULL,
    ID_VENDA INTEGER NOT NULL,
    VALOR_COMISSAO DECIMAL(10,2),
    DATA_COMISSAO DM_DATA_CRIACAO,
    PRIMARY KEY (ID_VENDEDOR, ID_VENDA)
);

--CRIAÇÃO DA TABELA DE ACESSOS DE USUÁRIOS
CREATE TABLE TBL_ACESSOS_USUARIOS (
    ID_ACESSO INTEGER NOT NULL,
    ID_USUARIO INTEGER NOT NULL,
    DATA_ACESSO DM_DATA_CRIACAO,
    HORA_ACESSO TIME,
    IP_ACESSO VARCHAR(45),
    TIPO_ACESSO VARCHAR(30),
    PRIMARY KEY (ID_ACESSO),
    FOREIGN KEY (ID_USUARIO) REFERENCES TBL_USUARIOS(ID_USUARIO)
);


-- FKs da tabela TBL_VENDAS
ALTER TABLE TBL_VENDAS
DROP CONSTRAINT FK_VENDAS_USUARIO;

ALTER TABLE TBL_VENDAS
ADD CONSTRAINT FK_VENDAS_VENDEDOR
FOREIGN KEY (ID_VENDEDOR) REFERENCES TBL_VENDEDORES(ID_VENDEDOR);

-- FKs da tabela TBL_ITENS_VENDA
ALTER TABLE TBL_ITENS_VENDA
ADD CONSTRAINT FK_ITENS_VENDA_VENDA
FOREIGN KEY (ID_VENDA) REFERENCES TBL_VENDAS(ID_VENDA);

ALTER TABLE TBL_ITENS_VENDA
ADD CONSTRAINT FK_ITENS_VENDA_PRODUTO
FOREIGN KEY (ID_PRODUTO) REFERENCES TBL_PRODUTOS(ID_PRODUTO);

-- FKs da tabela TBL_COMISSOES
ALTER TABLE TBL_COMISSOES
ADD CONSTRAINT FK_COMISSOES_VENDA
FOREIGN KEY (ID_VENDA) REFERENCES TBL_VENDAS(ID_VENDA);

ALTER TABLE TBL_COMISSOES
ADD CONSTRAINT FK_COMISSOES_USUARIO
FOREIGN KEY (ID_VENDEDOR) REFERENCES TBL_USUARIOS(ID_USUARIO);

-- TBL_PRODUTOS
CREATE SEQUENCE GEN_TBL_PRODUTOS_ID;

SET TERM ^^ ;
CREATE TRIGGER BI_TBL_PRODUTOS_ID FOR TBL_PRODUTOS
ACTIVE BEFORE INSERT POSITION 0
AS
BEGIN
  IF (NEW.ID_PRODUTO IS NULL) THEN
    NEW.ID_PRODUTO = NEXT VALUE FOR GEN_TBL_PRODUTOS_ID;
END ^^
SET TERM ; ^^

-- TBL_CLIENTES
CREATE SEQUENCE GEN_TBL_CLIENTES_ID;

SET TERM ^^ ;
CREATE TRIGGER BI_TBL_CLIENTES_ID FOR TBL_CLIENTES
ACTIVE BEFORE INSERT POSITION 0
AS
BEGIN
  IF (NEW.ID_CLIENTE IS NULL) THEN
    NEW.ID_CLIENTE = NEXT VALUE FOR GEN_TBL_CLIENTES_ID;
END ^^
SET TERM ; ^^

-- TBL_USUARIOS
CREATE SEQUENCE GEN_TBL_USUARIOS_ID;

SET TERM ^^ ;
CREATE TRIGGER BI_TBL_USUARIOS_ID FOR TBL_USUARIOS
ACTIVE BEFORE INSERT POSITION 0
AS
BEGIN
  IF (NEW.ID_USUARIO IS NULL) THEN
    NEW.ID_USUARIO = NEXT VALUE FOR GEN_TBL_USUARIOS_ID;
END ^^
SET TERM ; ^^

-- TBL_VENDAS
CREATE SEQUENCE GEN_TBL_VENDAS_ID;

SET TERM ^^ ;
CREATE TRIGGER BI_TBL_VENDAS_ID FOR TBL_VENDAS
ACTIVE BEFORE INSERT POSITION 0
AS
BEGIN
  IF (NEW.ID_VENDA IS NULL) THEN
    NEW.ID_VENDA = NEXT VALUE FOR GEN_TBL_VENDAS_ID;
END ^^
SET TERM ; ^^

SET TERM ^^ ;
CREATE PROCEDURE SP_ATUALIZAR_ESTOQUE (
    PID_PRODUTO INTEGER,
    PQTD_VENDIDA INTEGER
)
AS
BEGIN
  UPDATE TBL_PRODUTOS
  SET QUANTIDADE_ESTOQUE = QUANTIDADE_ESTOQUE - :PQTD_VENDIDA
  WHERE ID_PRODUTO = :PID_PRODUTO;
END ^^
SET TERM ; ^^

--TRIGGER DA TABELA DE ACESSO DE USUÁRIOS.
CREATE SEQUENCE GEN_TBL_ACESSOS_USUARIOS_ID;

SET TERM ^^ ;
CREATE TRIGGER BI_TBL_ACESSOS_USUARIOS_ID FOR TBL_ACESSOS_USUARIOS
ACTIVE BEFORE INSERT POSITION 0
AS
BEGIN
  IF (NEW.ID_ACESSO IS NULL) THEN
    NEW.ID_ACESSO = NEXT VALUE FOR GEN_TBL_ACESSOS_USUARIOS_ID;
END ^^
SET TERM ; ^^


--INSERÇÃO DE CLIENTE

SET TERM ^^ ;
CREATE PROCEDURE SP_INSERIR_CLIENTE (
    PNOME VARCHAR(100),
    PCPF_CNPJ VARCHAR(20),
    PENDERECO VARCHAR(150),
    PTELEFONE VARCHAR(20),
    PEMAIL VARCHAR(100),
    PDATA_NASCIMENTO DATE
)
AS
BEGIN
  INSERT INTO TBL_CLIENTES (
    NOME, CPF_CNPJ, ENDERECO, TELEFONE, EMAIL, DATA_NASCIMENTO, ATIVO
  ) VALUES (
    :PNOME, :PCPF_CNPJ, :PENDERECO, :PTELEFONE, :PEMAIL, :PDATA_NASCIMENTO, 'S'
  );
END ^^
SET TERM ; ^^

--CALCULO TOTAL DE VENDAS
SET TERM ^^ ;
CREATE PROCEDURE SP_CALCULAR_TOTAL_VENDA (
    PID_VENDA INTEGER
)
RETURNS (
    TOTAL DECIMAL(10,2)
)
AS
BEGIN
  SELECT SUM(SUBTOTAL)
  FROM TBL_ITENS_VENDA
  WHERE ID_VENDA = :PID_VENDA
  INTO :TOTAL;
  SUSPEND;
END ^^
SET TERM ; ^^

--Atualização de estoque das vendas.
SET TERM ^^ ;
CREATE TRIGGER TRG_ATUALIZAR_ESTOQUE AFTER INSERT ON TBL_ITENS_VENDA
AS
BEGIN
  UPDATE TBL_PRODUTOS
  SET QUANTIDADE_ESTOQUE = QUANTIDADE_ESTOQUE - NEW.QUANTIDADE
  WHERE ID_PRODUTO = NEW.ID_PRODUTO;
END ^^
SET TERM ; ^^

--Impedir as vendas com total negativo 
-- Criar exceção personalizada
CREATE EXCEPTION VALOR_TOTAL_INVALIDO 'O valor total da venda não pode ser negativo.';
SET TERM ^^ ;
CREATE TRIGGER TRG_VALIDA_VENDA BEFORE INSERT OR UPDATE ON TBL_VENDAS
AS
BEGIN
  IF (NEW.VALOR_TOTAL < 0) THEN
    EXCEPTION VALOR_TOTAL_INVALIDO;
END ^^
SET TERM ; ^^

--Preencher DATA_CRIACAO automaticamente em TBL_USUARIOS
SET TERM ^^ ;
CREATE TRIGGER TRG_USUARIO_DATA_CRIACAO BEFORE INSERT ON TBL_USUARIOS
AS
BEGIN
  IF (NEW.DATA_CRIACAO IS NULL) THEN
    NEW.DATA_CRIACAO = CURRENT_DATE;
END ^^
SET TERM ; ^^

--INSERTS--

--INSERT DE PRODUTOS--
INSERT INTO TBL_PRODUTOS (ID_PRODUTO, CODIGO, DESCRICAO, PRECO_CUSTO, PRECO_VENDA, CATEGORIA, QUANTIDADE_ESTOQUE, FORNECEDOR, ATIVO, DATA_CADASTRO) VALUES
(1, 'PRD001', 'Mouse Óptico USB Logitech M90', 30.00, 49.90, 'Acessórios', 150, 'Logitech Brasil', 'S', '2025-04-01');

INSERT INTO TBL_PRODUTOS (ID_PRODUTO, CODIGO, DESCRICAO, PRECO_CUSTO, PRECO_VENDA, CATEGORIA, QUANTIDADE_ESTOQUE, FORNECEDOR, ATIVO, DATA_CADASTRO) VALUES
(2, 'PRD002', 'Teclado Mecânico Redragon Kumara', 120.00, 199.90, 'Acessórios', 80, 'Redragon Brasil', 'S', '2025-04-01');

INSERT INTO TBL_PRODUTOS (ID_PRODUTO, CODIGO, DESCRICAO, PRECO_CUSTO, PRECO_VENDA, CATEGORIA, QUANTIDADE_ESTOQUE, FORNECEDOR, ATIVO, DATA_CADASTRO) VALUES
(3, 'PRD003', 'Monitor LED 21.5" LG Full HD', 520.00, 799.90, 'Monitores', 40, 'LG Eletronics', 'S', '2025-04-01');

INSERT INTO TBL_PRODUTOS (ID_PRODUTO, CODIGO, DESCRICAO, PRECO_CUSTO, PRECO_VENDA, CATEGORIA, QUANTIDADE_ESTOQUE, FORNECEDOR, ATIVO, DATA_CADASTRO) VALUES
(4, 'PRD004', 'Notebook Acer Aspire 5 i5 8GB 256GB SSD', 1900.00, 2499.90, 'Informática', 25, 'Acer do Brasil', 'S', '2025-04-01');

INSERT INTO TBL_PRODUTOS (ID_PRODUTO, CODIGO, DESCRICAO, PRECO_CUSTO, PRECO_VENDA, CATEGORIA, QUANTIDADE_ESTOQUE, FORNECEDOR, ATIVO, DATA_CADASTRO) VALUES
(5, 'PRD005', 'Cadeira Gamer ThunderX3 EC3', 650.00, 899.90, 'Cadeiras', 10, 'ThunderX3', 'S', '2025-04-01');

INSERT INTO TBL_PRODUTOS (ID_PRODUTO, CODIGO, DESCRICAO, PRECO_CUSTO, PRECO_VENDA, CATEGORIA, QUANTIDADE_ESTOQUE, FORNECEDOR, ATIVO, DATA_CADASTRO) VALUES
(6, 'PRD006', 'Webcam Logitech C270 HD', 110.00, 179.90, 'Acessórios', 60, 'Logitech Brasil', 'S', '2025-04-01');

INSERT INTO TBL_PRODUTOS (ID_PRODUTO, CODIGO, DESCRICAO, PRECO_CUSTO, PRECO_VENDA, CATEGORIA, QUANTIDADE_ESTOQUE, FORNECEDOR, ATIVO, DATA_CADASTRO) VALUES
(7, 'PRD007', 'Impressora HP DeskJet Ink Advantage 2774', 300.00, 449.90, 'Impressoras', 30, 'HP Brasil', 'S', '2025-04-01');

INSERT INTO TBL_PRODUTOS (ID_PRODUTO, CODIGO, DESCRICAO, PRECO_CUSTO, PRECO_VENDA, CATEGORIA, QUANTIDADE_ESTOQUE, FORNECEDOR, ATIVO, DATA_CADASTRO) VALUES
(8, 'PRD008', 'HD Externo Seagate 1TB USB 3.0', 250.00, 379.90, 'Armazenamento', 75, 'Seagate', 'S', '2025-04-01');

INSERT INTO TBL_PRODUTOS (ID_PRODUTO, CODIGO, DESCRICAO, PRECO_CUSTO, PRECO_VENDA, CATEGORIA, QUANTIDADE_ESTOQUE, FORNECEDOR, ATIVO, DATA_CADASTRO) VALUES
(9, 'PRD009', 'Roteador TP-Link Archer C6 AC1200', 150.00, 229.90, 'Redes', 50, 'TP-Link Brasil', 'S', '2025-04-01');

INSERT INTO TBL_PRODUTOS (ID_PRODUTO, CODIGO, DESCRICAO, PRECO_CUSTO, PRECO_VENDA, CATEGORIA, QUANTIDADE_ESTOQUE, FORNECEDOR, ATIVO, DATA_CADASTRO) VALUES
(10, 'PRD010', 'Pen Drive Kingston 64GB USB 3.2', 40.00, 69.90, 'Armazenamento', 200, 'Kingston', 'S', '2025-04-01');

INSERT INTO TBL_PRODUTOS (ID_PRODUTO, CODIGO, DESCRICAO, PRECO_CUSTO, PRECO_VENDA, CATEGORIA, QUANTIDADE_ESTOQUE, FORNECEDOR, ATIVO, DATA_CADASTRO) VALUES
(11, 'PRD011', 'Mousepad Gamer Redragon P003 Suzaku', 25.00, 49.90, 'Acessórios', 180, 'Redragon Brasil', 'S', '2025-04-01');

INSERT INTO TBL_PRODUTOS (ID_PRODUTO, CODIGO, DESCRICAO, PRECO_CUSTO, PRECO_VENDA, CATEGORIA, QUANTIDADE_ESTOQUE, FORNECEDOR, ATIVO, DATA_CADASTRO) VALUES
(12, 'PRD012', 'Fonte Corsair CV550 550W 80 Plus Bronze', 280.00, 419.90, 'Hardware', 35, 'Corsair', 'S', '2025-04-01');

INSERT INTO TBL_PRODUTOS (ID_PRODUTO, CODIGO, DESCRICAO, PRECO_CUSTO, PRECO_VENDA, CATEGORIA, QUANTIDADE_ESTOQUE, FORNECEDOR, ATIVO, DATA_CADASTRO) VALUES
(13, 'PRD013', 'SSD Kingston A400 240GB SATA III', 120.00, 199.90, 'Armazenamento', 100, 'Kingston', 'S', '2025-04-01');

INSERT INTO TBL_PRODUTOS (ID_PRODUTO, CODIGO, DESCRICAO, PRECO_CUSTO, PRECO_VENDA, CATEGORIA, QUANTIDADE_ESTOQUE, FORNECEDOR, ATIVO, DATA_CADASTRO) VALUES
(14, 'PRD014', 'Placa Mãe ASUS Prime B450M-GAMING/BR', 450.00, 649.90, 'Hardware', 20, 'ASUS', 'S', '2025-04-01');

INSERT INTO TBL_PRODUTOS (ID_PRODUTO, CODIGO, DESCRICAO, PRECO_CUSTO, PRECO_VENDA, CATEGORIA, QUANTIDADE_ESTOQUE, FORNECEDOR, ATIVO, DATA_CADASTRO) VALUES
(15, 'PRD015', 'Memória RAM Corsair Vengeance 8GB DDR4 3200MHz', 180.00, 279.90, 'Hardware', 60, 'Corsair', 'S', '2025-04-01');

INSERT INTO TBL_PRODUTOS (ID_PRODUTO, CODIGO, DESCRICAO, PRECO_CUSTO, PRECO_VENDA, CATEGORIA, QUANTIDADE_ESTOQUE, FORNECEDOR, ATIVO, DATA_CADASTRO) VALUES
(16, 'PRD016', 'Gabinete Gamer Bluecase BG-015', 150.00, 249.90, 'Gabinetes', 22, 'Bluecase', 'S', '2025-04-01');

INSERT INTO TBL_PRODUTOS (ID_PRODUTO, CODIGO, DESCRICAO, PRECO_CUSTO, PRECO_VENDA, CATEGORIA, QUANTIDADE_ESTOQUE, FORNECEDOR, ATIVO, DATA_CADASTRO) VALUES
(17, 'PRD017', 'Cooler para Processador PCYes Zero K Z3', 90.00, 139.90, 'Hardware', 40, 'PCYes', 'S', '2025-04-01');

INSERT INTO TBL_PRODUTOS (ID_PRODUTO, CODIGO, DESCRICAO, PRECO_CUSTO, PRECO_VENDA, CATEGORIA, QUANTIDADE_ESTOQUE, FORNECEDOR, ATIVO, DATA_CADASTRO) VALUES
(18, 'PRD018', 'Headset Gamer JBL Quantum 100', 130.00, 199.90, 'Áudio', 55, 'JBL', 'S', '2025-04-01');

INSERT INTO TBL_PRODUTOS (ID_PRODUTO, CODIGO, DESCRICAO, PRECO_CUSTO, PRECO_VENDA, CATEGORIA, QUANTIDADE_ESTOQUE, FORNECEDOR, ATIVO, DATA_CADASTRO) VALUES
(19, 'PRD019', 'Suporte Articulado para Monitor ELG F80N', 85.00, 139.90, 'Acessórios', 65, 'ELG Brasil', 'S', '2025-04-01');

INSERT INTO TBL_PRODUTOS (ID_PRODUTO, CODIGO, DESCRICAO, PRECO_CUSTO, PRECO_VENDA, CATEGORIA, QUANTIDADE_ESTOQUE, FORNECEDOR, ATIVO, DATA_CADASTRO) VALUES
(20, 'PRD020', 'Estabilizador SMS Progressive III 500VA', 160.00, 229.90, 'Energia', 30, 'SMS Tecnologia', 'S', '2025-04-01');

INSERT INTO TBL_PRODUTOS (ID_PRODUTO, CODIGO, DESCRICAO, PRECO_CUSTO, PRECO_VENDA, CATEGORIA, QUANTIDADE_ESTOQUE, FORNECEDOR, ATIVO, DATA_CADASTRO) VALUES
(21, 'PRD021', 'Monitor LG 23.8” Full HD IPS HDMI VGA', 690.00, 999.90, 'Monitores', 18, 'LG', 'S', '2025-04-01');

INSERT INTO TBL_PRODUTOS (ID_PRODUTO, CODIGO, DESCRICAO, PRECO_CUSTO, PRECO_VENDA, CATEGORIA, QUANTIDADE_ESTOQUE, FORNECEDOR, ATIVO, DATA_CADASTRO) VALUES
(22, 'PRD022', 'Webcam Logitech C270 HD 720p', 115.00, 179.90, 'Acessórios', 75, 'Logitech', 'S', '2025-04-01');

INSERT INTO TBL_PRODUTOS (ID_PRODUTO, CODIGO, DESCRICAO, PRECO_CUSTO, PRECO_VENDA, CATEGORIA, QUANTIDADE_ESTOQUE, FORNECEDOR, ATIVO, DATA_CADASTRO) VALUES
(23, 'PRD023', 'Cadeira Gamer Mymax Destroyer Vermelha', 600.00, 949.90, 'Móveis', 10, 'Mymax', 'S', '2025-04-01');

INSERT INTO TBL_PRODUTOS (ID_PRODUTO, CODIGO, DESCRICAO, PRECO_CUSTO, PRECO_VENDA, CATEGORIA, QUANTIDADE_ESTOQUE, FORNECEDOR, ATIVO, DATA_CADASTRO) VALUES
(24, 'PRD024', 'Teclado Mecânico Gamer HyperX Alloy FPS Pro', 310.00, 469.90, 'Periféricos', 33, 'HyperX', 'S', '2025-04-01');

INSERT INTO TBL_PRODUTOS (ID_PRODUTO, CODIGO, DESCRICAO, PRECO_CUSTO, PRECO_VENDA, CATEGORIA, QUANTIDADE_ESTOQUE, FORNECEDOR, ATIVO, DATA_CADASTRO) VALUES
(25, 'PRD025', 'Hub USB 4 Portas 3.0 Multilaser', 30.00, 59.90, 'Acessórios', 120, 'Multilaser', 'S', '2025-04-01');

INSERT INTO TBL_PRODUTOS (ID_PRODUTO, CODIGO, DESCRICAO, PRECO_CUSTO, PRECO_VENDA, CATEGORIA, QUANTIDADE_ESTOQUE, FORNECEDOR, ATIVO, DATA_CADASTRO) VALUES
(26, 'PRD026', 'Nobreak SMS Net 4+ 600VA Bivolt', 430.00, 699.90, 'Energia', 12, 'SMS Tecnologia', 'S', '2025-04-01');

INSERT INTO TBL_PRODUTOS (ID_PRODUTO, CODIGO, DESCRICAO, PRECO_CUSTO, PRECO_VENDA, CATEGORIA, QUANTIDADE_ESTOQUE, FORNECEDOR, ATIVO, DATA_CADASTRO) VALUES
(27, 'PRD027', 'Adaptador HDMI para VGA com Áudio', 18.00, 34.90, 'Acessórios', 90, 'C3 Tech', 'S', '2025-04-01');

INSERT INTO TBL_PRODUTOS (ID_PRODUTO, CODIGO, DESCRICAO, PRECO_CUSTO, PRECO_VENDA, CATEGORIA, QUANTIDADE_ESTOQUE, FORNECEDOR, ATIVO, DATA_CADASTRO) VALUES
(28, 'PRD028', 'Impressora Multifuncional Epson EcoTank L3250', 820.00, 1199.90, 'Impressoras', 15, 'Epson', 'S', '2025-04-01');

INSERT INTO TBL_PRODUTOS (ID_PRODUTO, CODIGO, DESCRICAO, PRECO_CUSTO, PRECO_VENDA, CATEGORIA, QUANTIDADE_ESTOQUE, FORNECEDOR, ATIVO, DATA_CADASTRO) VALUES
(29, 'PRD029', 'Roteador TP-Link Archer C6 Dual Band', 165.00, 249.90, 'Rede', 45, 'TP-Link', 'S', '2025-04-01');

INSERT INTO TBL_PRODUTOS (ID_PRODUTO, CODIGO, DESCRICAO, PRECO_CUSTO, PRECO_VENDA, CATEGORIA, QUANTIDADE_ESTOQUE, FORNECEDOR, ATIVO, DATA_CADASTRO) VALUES
(30, 'PRD030', 'Cartucho HP 664XL Preto Original', 85.00, 139.90, 'Impressoras', 70, 'HP', 'S', '2025-04-01');

--INSERT DE CLIENTES-- 

INSERT INTO TBL_CLIENTES (ID_CLIENTE, NOME, CPF_CNPJ, ENDERECO, TELEFONE, EMAIL, DATA_NASCIMENTO, HISTORICO_COMPRAS, PREFERENCIAS, ATIVO)
VALUES (1, 'Ana Clara Silva', '123.456.789-00', 'Rua das Flores, 123', '(11) 91234-5678', 'ana.silva@gmail.com', '1990-05-14', 'Comprou um notebook e um mouse em fevereiro.', 'Eletrônicos', 'S');

INSERT INTO TBL_CLIENTES (ID_CLIENTE, NOME, CPF_CNPJ, ENDERECO, TELEFONE, EMAIL, DATA_NASCIMENTO, HISTORICO_COMPRAS, PREFERENCIAS, ATIVO)
VALUES (2, 'Bruno Ferreira', '987.654.321-00', 'Av. Central, 456', '(21) 99876-5432', 'bruno.ferreira@yahoo.com', '1985-10-09', 'Comprou uma TV 50" e um suporte de parede.', 'TV e Acessórios', 'S');

INSERT INTO TBL_CLIENTES (ID_CLIENTE, NOME, CPF_CNPJ, ENDERECO, TELEFONE, EMAIL, DATA_NASCIMENTO, HISTORICO_COMPRAS, PREFERENCIAS, ATIVO)
VALUES (3, 'Carla Mendes', '456.789.123-22', 'Rua São João, 987', '(31) 91234-1122', 'carla.mendes@hotmail.com', '1992-03-22', 'Comprou dois fones de ouvido e um carregador.', 'Acessórios', 'S');

INSERT INTO TBL_CLIENTES (ID_CLIENTE, NOME, CPF_CNPJ, ENDERECO, TELEFONE, EMAIL, DATA_NASCIMENTO, HISTORICO_COMPRAS, PREFERENCIAS, ATIVO)
VALUES (4, 'Diego Almeida', '321.654.987-11', 'Rua Azul, 77', '(41) 92345-7788', 'diego.almeida@gmail.com', '1988-07-30', 'Comprou um monitor e uma webcam.', 'Informática', 'S');

INSERT INTO TBL_CLIENTES (ID_CLIENTE, NOME, CPF_CNPJ, ENDERECO, TELEFONE, EMAIL, DATA_NASCIMENTO, HISTORICO_COMPRAS, PREFERENCIAS, ATIVO)
VALUES (5, 'Elaine Rocha', '159.753.486-29', 'Av. Brasil, 301', '(11) 93333-4444', 'elaine.rocha@outlook.com', '1979-11-12', 'Comprou um ar-condicionado portátil.', 'Climatização', 'S');

INSERT INTO TBL_CLIENTES (ID_CLIENTE, NOME, CPF_CNPJ, ENDERECO, TELEFONE, EMAIL, DATA_NASCIMENTO, HISTORICO_COMPRAS, PREFERENCIAS, ATIVO)
VALUES (6, 'Felipe Costa', '741.852.963-33', 'Rua das Palmeiras, 15', '(27) 94567-8910', 'felipe.costa@gmail.com', '1995-02-18', 'Comprou uma geladeira e um micro-ondas.', 'Eletrodomésticos', 'S');

INSERT INTO TBL_CLIENTES (ID_CLIENTE, NOME, CPF_CNPJ, ENDERECO, TELEFONE, EMAIL, DATA_NASCIMENTO, HISTORICO_COMPRAS, PREFERENCIAS, ATIVO)
VALUES (7, 'Gabriela Souza', '258.369.147-88', 'Alameda Santos, 450', '(61) 99845-6321', 'gabriela.souza@gmail.com', '1994-06-03', 'Comprou uma caixa de som bluetooth.', 'Áudio', 'S');

INSERT INTO TBL_CLIENTES (ID_CLIENTE, NOME, CPF_CNPJ, ENDERECO, TELEFONE, EMAIL, DATA_NASCIMENTO, HISTORICO_COMPRAS, PREFERENCIAS, ATIVO)
VALUES (8, 'Henrique Lopes', '963.852.741-55', 'Travessa Lima, 32', '(84) 99777-3210', 'henrique.lopes@uol.com.br', '1991-09-27', 'Comprou um videogame e dois controles.', 'Games', 'S');

INSERT INTO TBL_CLIENTES (ID_CLIENTE, NOME, CPF_CNPJ, ENDERECO, TELEFONE, EMAIL, DATA_NASCIMENTO, HISTORICO_COMPRAS, PREFERENCIAS, ATIVO)
VALUES (9, 'Isabela Martins', '369.258.147-66', 'Rua das Laranjeiras, 89', '(85) 99654-9871', 'isabela.martins@gmail.com', '1986-08-05', 'Comprou uma cafeteira e um aspirador.', 'Utilidades', 'S');

INSERT INTO TBL_CLIENTES (ID_CLIENTE, NOME, CPF_CNPJ, ENDERECO, TELEFONE, EMAIL, DATA_NASCIMENTO, HISTORICO_COMPRAS, PREFERENCIAS, ATIVO)
VALUES (10, 'João Vitor Ramos', '147.258.369-44', 'Av. Atlântica, 2000', '(62) 91234-9988', 'joao.ramos@hotmail.com', '1993-12-17', 'Comprou um notebook gamer e uma cadeira ergonômica.', 'Informática', 'S');

INSERT INTO TBL_CLIENTES (ID_CLIENTE, NOME, CPF_CNPJ, ENDERECO, TELEFONE, EMAIL, DATA_NASCIMENTO, HISTORICO_COMPRAS, PREFERENCIAS, ATIVO)
VALUES (11, 'Karla Fernandes', '111.222.333-44', 'Rua das Acácias, 12', '(21) 98765-4321', 'karla.fernandes@gmail.com', '1983-04-10', 'Comprou um ventilador de mesa e um ferro de passar.', 'Eletroportáteis', 'S');

INSERT INTO TBL_CLIENTES (ID_CLIENTE, NOME, CPF_CNPJ, ENDERECO, TELEFONE, EMAIL, DATA_NASCIMENTO, HISTORICO_COMPRAS, PREFERENCIAS, ATIVO)
VALUES (12, 'Leonardo Araújo', '222.333.444-55', 'Av. Paulista, 1001', '(11) 98888-7777', 'leonardo.araujo@outlook.com', '1990-08-20', 'Comprou um tablet e uma mochila.', 'Tecnologia', 'S');

INSERT INTO TBL_CLIENTES (ID_CLIENTE, NOME, CPF_CNPJ, ENDERECO, TELEFONE, EMAIL, DATA_NASCIMENTO, HISTORICO_COMPRAS, PREFERENCIAS, ATIVO)
VALUES (13, 'Mariana Costa', '333.444.555-66', 'Rua Bahia, 678', '(31) 97531-2468', 'mariana.costa@gmail.com', '1987-03-25', 'Comprou uma impressora multifuncional.', 'Informática', 'S');

INSERT INTO TBL_CLIENTES (ID_CLIENTE, NOME, CPF_CNPJ, ENDERECO, TELEFONE, EMAIL, DATA_NASCIMENTO, HISTORICO_COMPRAS, PREFERENCIAS, ATIVO)
VALUES (14, 'Nathan Borges', '444.555.666-77', 'Av. das Nações, 2020', '(61) 96543-8765', 'nathan.borges@hotmail.com', '1992-07-14', 'Comprou um projetor e uma tela retrátil.', 'Imagem e Som', 'S');

INSERT INTO TBL_CLIENTES (ID_CLIENTE, NOME, CPF_CNPJ, ENDERECO, TELEFONE, EMAIL, DATA_NASCIMENTO, HISTORICO_COMPRAS, PREFERENCIAS, ATIVO)
VALUES (15, 'Olívia Martins', '555.666.777-88', 'Rua Projetada, 80', '(41) 99876-1122', 'olivia.martins@gmail.com', '1999-06-05', 'Comprou um liquidificador e um mixer.', 'Eletroportáteis', 'S');

INSERT INTO TBL_CLIENTES (ID_CLIENTE, NOME, CPF_CNPJ, ENDERECO, TELEFONE, EMAIL, DATA_NASCIMENTO, HISTORICO_COMPRAS, PREFERENCIAS, ATIVO)
VALUES (16, 'Paulo Henrique Dias', '666.777.888-99', 'Alameda Rio Branco, 300', '(85) 98888-5566', 'paulo.dias@uol.com.br', '1980-01-11', 'Comprou uma máquina de lavar roupas.', 'Eletrodomésticos', 'S');

INSERT INTO TBL_CLIENTES (ID_CLIENTE, NOME, CPF_CNPJ, ENDERECO, TELEFONE, EMAIL, DATA_NASCIMENTO, HISTORICO_COMPRAS, PREFERENCIAS, ATIVO)
VALUES (17, 'Quésia Duarte', '777.888.999-00', 'Rua Cedro, 50', '(71) 99999-8888', 'quesia.duarte@gmail.com', '1996-09-02', 'Comprou um headset gamer e uma webcam.', 'Informática', 'S');

INSERT INTO TBL_CLIENTES (ID_CLIENTE, NOME, CPF_CNPJ, ENDERECO, TELEFONE, EMAIL, DATA_NASCIMENTO, HISTORICO_COMPRAS, PREFERENCIAS, ATIVO)
VALUES (18, 'Rafael Lima', '888.999.000-11', 'Rua dos Jasmins, 70', '(27) 98745-2365', 'rafael.lima@hotmail.com', '1989-12-29', 'Comprou um home theater.', 'Áudio e Vídeo', 'S');

INSERT INTO TBL_CLIENTES (ID_CLIENTE, NOME, CPF_CNPJ, ENDERECO, TELEFONE, EMAIL, DATA_NASCIMENTO, HISTORICO_COMPRAS, PREFERENCIAS, ATIVO)
VALUES (19, 'Sara Oliveira', '999.000.111-22', 'Av. Independência, 2000', '(34) 99777-9988', 'sara.oliveira@gmail.com', '1993-02-19', 'Comprou uma smart TV 43".', 'TV e Acessórios', 'S');

INSERT INTO TBL_CLIENTES (ID_CLIENTE, NOME, CPF_CNPJ, ENDERECO, TELEFONE, EMAIL, DATA_NASCIMENTO, HISTORICO_COMPRAS, PREFERENCIAS, ATIVO)
VALUES (20, 'Tiago Mendes', '000.111.222-33', 'Rua 7 de Setembro, 55', '(91) 97654-3344', 'tiago.mendes@outlook.com', '1984-11-03', 'Comprou uma cafeteira elétrica.', 'Utilidades', 'S');

INSERT INTO TBL_CLIENTES (ID_CLIENTE, NOME, CPF_CNPJ, ENDERECO, TELEFONE, EMAIL, DATA_NASCIMENTO, HISTORICO_COMPRAS, PREFERENCIAS, ATIVO)
VALUES (21, 'Ursula Nascimento', '321.987.654-01', 'Rua Primavera, 101', '(98) 99888-7755', 'ursula.nascimento@gmail.com', '1997-07-15', 'Comprou um purificador de água e um ferro a vapor.', 'Eletroportáteis', 'S');

INSERT INTO TBL_CLIENTES (ID_CLIENTE, NOME, CPF_CNPJ, ENDERECO, TELEFONE, EMAIL, DATA_NASCIMENTO, HISTORICO_COMPRAS, PREFERENCIAS, ATIVO)
VALUES (22, 'Victor Ribeiro', '654.321.987-02', 'Avenida Norte, 2500', '(85) 98765-2221', 'victor.ribeiro@uol.com.br', '1990-03-09', 'Comprou um nobreak e um estabilizador.', 'Informática', 'S');

INSERT INTO TBL_CLIENTES (ID_CLIENTE, NOME, CPF_CNPJ, ENDERECO, TELEFONE, EMAIL, DATA_NASCIMENTO, HISTORICO_COMPRAS, PREFERENCIAS, ATIVO)
VALUES (23, 'Wesley Souza', '789.456.123-00', 'Rua das Árvores, 17', '(11) 91234-1212', 'wesley.souza@gmail.com', '1982-08-24', 'Comprou uma câmera de segurança Wi-Fi.', 'Segurança', 'S');

INSERT INTO TBL_CLIENTES (ID_CLIENTE, NOME, CPF_CNPJ, ENDERECO, TELEFONE, EMAIL, DATA_NASCIMENTO, HISTORICO_COMPRAS, PREFERENCIAS, ATIVO)
VALUES (24, 'Xuxa Lima', '852.963.741-55', 'Av. Belvedere, 800', '(11) 99887-2345', 'xuxa.lima@outlook.com', '1974-12-25', 'Comprou uma lavadora de alta pressão.', 'Utilidades', 'S');

INSERT INTO TBL_CLIENTES (ID_CLIENTE, NOME, CPF_CNPJ, ENDERECO, TELEFONE, EMAIL, DATA_NASCIMENTO, HISTORICO_COMPRAS, PREFERENCIAS, ATIVO)
VALUES (25, 'Yasmin Fernandes', '951.753.852-14', 'Rua do Comércio, 45', '(19) 93456-1234', 'yasmin.fernandes@gmail.com', '1998-10-10', 'Comprou um fogão 4 bocas.', 'Eletrodomésticos', 'S');

INSERT INTO TBL_CLIENTES (ID_CLIENTE, NOME, CPF_CNPJ, ENDERECO, TELEFONE, EMAIL, DATA_NASCIMENTO, HISTORICO_COMPRAS, PREFERENCIAS, ATIVO)
VALUES (26, 'Zé Carlos Pinto', '147.963.258-36', 'Rua XV de Novembro, 222', '(62) 91111-7890', 'zecarlos.pinto@hotmail.com', '1975-01-01', 'Comprou uma geladeira frost free.', 'Eletrodomésticos', 'S');

INSERT INTO TBL_CLIENTES (ID_CLIENTE, NOME, CPF_CNPJ, ENDERECO, TELEFONE, EMAIL, DATA_NASCIMENTO, HISTORICO_COMPRAS, PREFERENCIAS, ATIVO)
VALUES (27, 'Aline Rocha', '258.147.369-41', 'Travessa do Sol, 8', '(21) 94444-7891', 'aline.rocha@gmail.com', '1987-06-06', 'Comprou uma adega climatizada.', 'Utilidades', 'S');

INSERT INTO TBL_CLIENTES (ID_CLIENTE, NOME, CPF_CNPJ, ENDERECO, TELEFONE, EMAIL, DATA_NASCIMENTO, HISTORICO_COMPRAS, PREFERENCIAS, ATIVO)
VALUES (28, 'Bruna Soares', '963.741.852-99', 'Rua Verde, 505', '(11) 90000-1122', 'bruna.soares@uol.com.br', '1996-11-11', 'Comprou uma sanduicheira e uma torradeira.', 'Eletroportáteis', 'S');

INSERT INTO TBL_CLIENTES (ID_CLIENTE, NOME, CPF_CNPJ, ENDERECO, TELEFONE, EMAIL, DATA_NASCIMENTO, HISTORICO_COMPRAS, PREFERENCIAS, ATIVO)
VALUES (29, 'Caio Dias', '741.852.963-88', 'Alameda das Palmeiras, 130', '(61) 91222-3344', 'caio.dias@gmail.com', '1981-03-30', 'Comprou uma televisão 32" LED.', 'TV e Acessórios', 'S');

INSERT INTO TBL_CLIENTES (ID_CLIENTE, NOME, CPF_CNPJ, ENDERECO, TELEFONE, EMAIL, DATA_NASCIMENTO, HISTORICO_COMPRAS, PREFERENCIAS, ATIVO)
VALUES (30, 'Daniela Campos', '369.147.258-77', 'Rua Bela Vista, 12', '(31) 95555-6677', 'daniela.campos@hotmail.com', '1994-05-01', 'Comprou um ventilador turbo e um umidificador.', 'Climatização', 'S');

--INSERT DE VENDEDORES--
INSERT INTO TBL_VENDEDORES (ID_VENDEDOR, NOME, CPF, TELEFONE, EMAIL, ATIVO, DATA_ADMISSAO)
VALUES (1, 'Dra. Isabella Pinto', '920.351.467-80', '(011) 8714-0910', 'dra.isabellapinto@exemplo.com', 'S', '2024-05-21');

INSERT INTO TBL_VENDEDORES (ID_VENDEDOR, NOME, CPF, TELEFONE, EMAIL, ATIVO, DATA_ADMISSAO)
VALUES (2, 'Dra. Ana Júlia Nascimento', '391.067.425-99', '+55 (011) 5688 2969', 'dra.anajúlianascimento@exemplo.com', 'S', '2024-02-01');

INSERT INTO TBL_VENDEDORES (ID_VENDEDOR, NOME, CPF, TELEFONE, EMAIL, ATIVO, DATA_ADMISSAO)
VALUES (3, 'Maria Fernanda Monteiro', '176.892.354-09', '+55 (041) 9360 1400', 'mariafernandamonteiro@exemplo.com', 'N', '2024-03-25');

INSERT INTO TBL_VENDEDORES (ID_VENDEDOR, NOME, CPF, TELEFONE, EMAIL, ATIVO, DATA_ADMISSAO)
VALUES (4, 'Srta. Rafaela Fogaça', '051.493.278-32', '(011) 4061-9345', 'srta.rafaelafogaça@exemplo.com', 'S', '2023-05-29');

INSERT INTO TBL_VENDEDORES (ID_VENDEDOR, NOME, CPF, TELEFONE, EMAIL, ATIVO, DATA_ADMISSAO)
VALUES (5, 'Sr. Kaique Fogaça', '320.897.465-56', '+55 (051) 8109 8761', 'sr.kaiquefogaça@exemplo.com', 'N', '2024-06-21');

INSERT INTO TBL_VENDEDORES (ID_VENDEDOR, NOME, CPF, TELEFONE, EMAIL, ATIVO, DATA_ADMISSAO)
VALUES (6, 'Maria Sophia Freitas', '243.689.501-51', '21 7644 6657', 'mariasophiafreitas@exemplo.com', 'N', '2024-07-27');

INSERT INTO TBL_VENDEDORES (ID_VENDEDOR, NOME, CPF, TELEFONE, EMAIL, ATIVO, DATA_ADMISSAO)
VALUES (7, 'Pedro Miguel Gomes', '498.356.217-64', '81 3500 3068', 'pedromiguelgomes@exemplo.com', 'S', '2024-01-13');

INSERT INTO TBL_VENDEDORES (ID_VENDEDOR, NOME, CPF, TELEFONE, EMAIL, ATIVO, DATA_ADMISSAO)
VALUES (8, 'Cauã Ferreira', '985.617.432-55', '+55 (051) 5947-7610', 'cauãferreira@exemplo.com', 'S', '2024-03-05');

INSERT INTO TBL_VENDEDORES (ID_VENDEDOR, NOME, CPF, TELEFONE, EMAIL, ATIVO, DATA_ADMISSAO)
VALUES (9, 'Gabriela Fogaça', '279.483.156-91', '0300-424-4178', 'gabrielafogaça@exemplo.com', 'N', '2025-01-03');

INSERT INTO TBL_VENDEDORES (ID_VENDEDOR, NOME, CPF, TELEFONE, EMAIL, ATIVO, DATA_ADMISSAO)
VALUES (10, 'Agatha Vieira', '857.016.394-01', '+55 21 8070 2594', 'agathavieira@exemplo.com', 'S', '2024-06-29');

INSERT INTO TBL_VENDEDORES (ID_VENDEDOR, NOME, CPF, TELEFONE, EMAIL, ATIVO, DATA_ADMISSAO)
VALUES (11, 'Sr. Bruno Ferreira', '421.759.638-91', '(011) 94455-1200', 'sr.brunof@exemplo.com', 'S', '2024-03-18');

INSERT INTO TBL_VENDEDORES (ID_VENDEDOR, NOME, CPF, TELEFONE, EMAIL, ATIVO, DATA_ADMISSAO)
VALUES (12, 'Larissa Ribeiro', '503.214.768-32', '(061) 92536-4110', 'larissaribeiro@exemplo.com', 'S', '2023-11-10');

INSERT INTO TBL_VENDEDORES (ID_VENDEDOR, NOME, CPF, TELEFONE, EMAIL, ATIVO, DATA_ADMISSAO)
VALUES (13, 'Vinícius Andrade', '316.902.775-20', '21 99856-2234', 'vinicius.andrade@exemplo.com', 'N', '2024-04-02');

INSERT INTO TBL_VENDEDORES (ID_VENDEDOR, NOME, CPF, TELEFONE, EMAIL, ATIVO, DATA_ADMISSAO)
VALUES (14, 'Carolina Nunes', '174.953.217-00', '(011) 90345-8712', 'carolina.nunes@exemplo.com', 'S', '2024-02-20');

INSERT INTO TBL_VENDEDORES (ID_VENDEDOR, NOME, CPF, TELEFONE, EMAIL, ATIVO, DATA_ADMISSAO)
VALUES (15, 'André Felipe Lima', '354.821.669-74', '84 91234-9087', 'andrefelipe.lima@exemplo.com', 'S', '2023-10-28');

INSERT INTO TBL_VENDEDORES (ID_VENDEDOR, NOME, CPF, TELEFONE, EMAIL, ATIVO, DATA_ADMISSAO)
VALUES (16, 'Marina Duarte', '234.765.198-03', '(071) 98845-1023', 'marina.duarte@exemplo.com', 'N', '2024-06-07');

INSERT INTO TBL_VENDEDORES (ID_VENDEDOR, NOME, CPF, TELEFONE, EMAIL, ATIVO, DATA_ADMISSAO)
VALUES (17, 'Luiz Otávio Teixeira', '857.213.455-88', '(031) 97513-8740', 'luiz.teixeira@exemplo.com', 'S', '2024-01-14');

INSERT INTO TBL_VENDEDORES (ID_VENDEDOR, NOME, CPF, TELEFONE, EMAIL, ATIVO, DATA_ADMISSAO)
VALUES (18, 'Juliana Pires', '456.908.321-76', '+55 (051) 93822-4400', 'juliana.pires@exemplo.com', 'S', '2024-05-05');

INSERT INTO TBL_VENDEDORES (ID_VENDEDOR, NOME, CPF, TELEFONE, EMAIL, ATIVO, DATA_ADMISSAO)
VALUES (19, 'Gustavo Martins', '293.851.409-18', '61 94567-3344', 'gustavo.martins@exemplo.com', 'N', '2024-03-09');

INSERT INTO TBL_VENDEDORES (ID_VENDEDOR, NOME, CPF, TELEFONE, EMAIL, ATIVO, DATA_ADMISSAO)
VALUES (20, 'Beatriz Almeida', '398.174.607-42', '71 92356-1145', 'beatriz.almeida@exemplo.com', 'S', '2024-07-01');

INSERT INTO TBL_VENDEDORES (ID_VENDEDOR, NOME, CPF, TELEFONE, EMAIL, ATIVO, DATA_ADMISSAO)
VALUES (21, 'Amanda Costa', '921.843.276-50', '(011) 99834-2210', 'amanda.costa@exemplo.com', 'S', '2024-01-10');

INSERT INTO TBL_VENDEDORES (ID_VENDEDOR, NOME, CPF, TELEFONE, EMAIL, ATIVO, DATA_ADMISSAO)
VALUES (22, 'Roberto Silveira', '635.982.714-09', '(021) 98812-4520', 'roberto.silveira@exemplo.com', 'S', '2023-09-18');

INSERT INTO TBL_VENDEDORES (ID_VENDEDOR, NOME, CPF, TELEFONE, EMAIL, ATIVO, DATA_ADMISSAO)
VALUES (23, 'Tatiane Mendes', '741.203.895-76', '(061) 91123-7745', 'tatiane.mendes@exemplo.com', 'N', '2023-12-12');

INSERT INTO TBL_VENDEDORES (ID_VENDEDOR, NOME, CPF, TELEFONE, EMAIL, ATIVO, DATA_ADMISSAO)
VALUES (24, 'Pedro Augusto Rocha', '842.190.675-33', '84 99887-6210', 'pedro.rocha@exemplo.com', 'S', '2024-03-15');

INSERT INTO TBL_VENDEDORES (ID_VENDEDOR, NOME, CPF, TELEFONE, EMAIL, ATIVO, DATA_ADMISSAO)
VALUES (25, 'Camila Freitas', '502.719.864-91', '031 92345-7600', 'camila.freitas@exemplo.com', 'S', '2024-05-22');

INSERT INTO TBL_VENDEDORES (ID_VENDEDOR, NOME, CPF, TELEFONE, EMAIL, ATIVO, DATA_ADMISSAO)
VALUES (26, 'Rodrigo Fernandes', '618.309.752-10', '(081) 98433-1223', 'rodrigo.fernandes@exemplo.com', 'N', '2024-02-07');

INSERT INTO TBL_VENDEDORES (ID_VENDEDOR, NOME, CPF, TELEFONE, EMAIL, ATIVO, DATA_ADMISSAO)
VALUES (27, 'Bruna Lopes', '380.624.597-85', '(021) 98764-3344', 'bruna.lopes@exemplo.com', 'S', '2023-11-30');

INSERT INTO TBL_VENDEDORES (ID_VENDEDOR, NOME, CPF, TELEFONE, EMAIL, ATIVO, DATA_ADMISSAO)
VALUES (28, 'Felipe Duarte', '490.126.785-42', '31 98444-5555', 'felipe.duarte@exemplo.com', 'S', '2024-06-25');

INSERT INTO TBL_VENDEDORES (ID_VENDEDOR, NOME, CPF, TELEFONE, EMAIL, ATIVO, DATA_ADMISSAO)
VALUES (29, 'Natália Cardoso', '590.341.928-60', '(011) 97634-2298', 'natalia.cardoso@exemplo.com', 'N', '2024-04-12');

INSERT INTO TBL_VENDEDORES (ID_VENDEDOR, NOME, CPF, TELEFONE, EMAIL, ATIVO, DATA_ADMISSAO)
VALUES (30, 'Henrique Azevedo', '703.982.145-77', '(061) 99745-8182', 'henrique.azevedo@exemplo.com', 'S', '2024-01-26');

--INSERT DE VENDAS--
INSERT INTO TBL_VENDAS (ID_VENDA, DATA_VENDA, HORA, ID_CLIENTE, ID_VENDEDOR, VALOR_TOTAL, DESCONTO, FORMA_PAGAMENTO)
VALUES (1, '2025-04-01', '10:15:00', 1, 1, 1499.90, 99.90, 'Cartão');

INSERT INTO TBL_VENDAS (ID_VENDA, DATA_VENDA, HORA, ID_CLIENTE, ID_VENDEDOR, VALOR_TOTAL, DESCONTO, FORMA_PAGAMENTO)
VALUES (2, '2025-04-01', '11:20:00', 2, 2, 829.50, 29.50, 'Boleto');

INSERT INTO TBL_VENDAS (ID_VENDA, DATA_VENDA, HORA, ID_CLIENTE, ID_VENDEDOR, VALOR_TOTAL, DESCONTO, FORMA_PAGAMENTO)
VALUES (3, '2025-04-01', '12:30:00', 3, 3, 119.90, 0.00, 'PIX');

INSERT INTO TBL_VENDAS (ID_VENDA, DATA_VENDA, HORA, ID_CLIENTE, ID_VENDEDOR, VALOR_TOTAL, DESCONTO, FORMA_PAGAMENTO)
VALUES (4, '2025-04-01', '14:10:00', 4, 4, 399.00, 20.00, 'Cartão');

INSERT INTO TBL_VENDAS (ID_VENDA, DATA_VENDA, HORA, ID_CLIENTE, ID_VENDEDOR, VALOR_TOTAL, DESCONTO, FORMA_PAGAMENTO)
VALUES (5, '2025-04-01', '15:00:00', 5, 5, 230.00, 0.00, 'Dinheiro');

INSERT INTO TBL_VENDAS (ID_VENDA, DATA_VENDA, HORA, ID_CLIENTE, ID_VENDEDOR, VALOR_TOTAL, DESCONTO, FORMA_PAGAMENTO)
VALUES (6, '2025-04-01', '15:45:00', 6, 6, 750.00, 50.00, 'Cartão');

INSERT INTO TBL_VENDAS (ID_VENDA, DATA_VENDA, HORA, ID_CLIENTE, ID_VENDEDOR, VALOR_TOTAL, DESCONTO, FORMA_PAGAMENTO)
VALUES (7, '2025-04-01', '16:30:00', 7, 7, 89.90, 0.00, 'PIX');

INSERT INTO TBL_VENDAS (ID_VENDA, DATA_VENDA, HORA, ID_CLIENTE, ID_VENDEDOR, VALOR_TOTAL, DESCONTO, FORMA_PAGAMENTO)
VALUES (8, '2025-04-01', '17:15:00', 8, 8, 1349.90, 149.90, 'Cartão');

INSERT INTO TBL_VENDAS (ID_VENDA, DATA_VENDA, HORA, ID_CLIENTE, ID_VENDEDOR, VALOR_TOTAL, DESCONTO, FORMA_PAGAMENTO)
VALUES (9, '2025-04-01', '18:05:00', 9, 9, 289.90, 9.90, 'Boleto');

INSERT INTO TBL_VENDAS (ID_VENDA, DATA_VENDA, HORA, ID_CLIENTE, ID_VENDEDOR, VALOR_TOTAL, DESCONTO, FORMA_PAGAMENTO)
VALUES (10, '2025-04-01', '19:00:00', 10, 10, 1649.00, 149.00, 'Cartão');

INSERT INTO TBL_VENDAS (ID_VENDA, DATA_VENDA, HORA, ID_CLIENTE, ID_VENDEDOR, VALOR_TOTAL, DESCONTO, FORMA_PAGAMENTO)
VALUES (11, '2025-04-01', '15:10:00', 11, 11, 199.90, 19.90, 'Cartão');

INSERT INTO TBL_VENDAS (ID_VENDA, DATA_VENDA, HORA, ID_CLIENTE, ID_VENDEDOR, VALOR_TOTAL, DESCONTO, FORMA_PAGAMENTO)
VALUES (12, '2025-04-01', '15:40:00', 12, 12, 850.00, 85.00, 'PIX');

INSERT INTO TBL_VENDAS (ID_VENDA, DATA_VENDA, HORA, ID_CLIENTE, ID_VENDEDOR, VALOR_TOTAL, DESCONTO, FORMA_PAGAMENTO)
VALUES (13, '2025-04-01', '16:00:00', 13, 13, 129.99, 0.00, 'Dinheiro');

INSERT INTO TBL_VENDAS (ID_VENDA, DATA_VENDA, HORA, ID_CLIENTE, ID_VENDEDOR, VALOR_TOTAL, DESCONTO, FORMA_PAGAMENTO)
VALUES (14, '2025-04-01', '16:30:00', 14, 14, 719.90, 71.90, 'Cartão');

INSERT INTO TBL_VENDAS (ID_VENDA, DATA_VENDA, HORA, ID_CLIENTE, ID_VENDEDOR, VALOR_TOTAL, DESCONTO, FORMA_PAGAMENTO)
VALUES (15, '2025-04-01', '17:00:00', 15, 15, 389.00, 38.90, 'Boleto');

INSERT INTO TBL_VENDAS (ID_VENDA, DATA_VENDA, HORA, ID_CLIENTE, ID_VENDEDOR, VALOR_TOTAL, DESCONTO, FORMA_PAGAMENTO)
VALUES (16, '2025-04-01', '17:30:00', 16, 16, 459.50, 45.95, 'PIX');

INSERT INTO TBL_VENDAS (ID_VENDA, DATA_VENDA, HORA, ID_CLIENTE, ID_VENDEDOR, VALOR_TOTAL, DESCONTO, FORMA_PAGAMENTO)
VALUES (17, '2025-04-01', '18:00:00', 17, 17, 220.00, 0.00, 'Dinheiro');

INSERT INTO TBL_VENDAS (ID_VENDA, DATA_VENDA, HORA, ID_CLIENTE, ID_VENDEDOR, VALOR_TOTAL, DESCONTO, FORMA_PAGAMENTO)
VALUES (18, '2025-04-01', '18:30:00', 18, 18, 1499.90, 149.90, 'Cartão');

INSERT INTO TBL_VENDAS (ID_VENDA, DATA_VENDA, HORA, ID_CLIENTE, ID_VENDEDOR, VALOR_TOTAL, DESCONTO, FORMA_PAGAMENTO)
VALUES (19, '2025-04-01', '19:00:00', 19, 19, 669.60, 0.00, 'PIX');

INSERT INTO TBL_VENDAS (ID_VENDA, DATA_VENDA, HORA, ID_CLIENTE, ID_VENDEDOR, VALOR_TOTAL, DESCONTO, FORMA_PAGAMENTO)
VALUES (20, '2025-04-01', '19:30:00', 20, 20, 399.90, 20.00, 'Boleto');

INSERT INTO TBL_VENDAS (ID_VENDA, DATA_VENDA, HORA, ID_CLIENTE, ID_VENDEDOR, VALOR_TOTAL, DESCONTO, FORMA_PAGAMENTO)
VALUES (21, '2025-04-01', '20:00:00', 21, 21, 189.59, 18.96, 'PIX');

INSERT INTO TBL_VENDAS (ID_VENDA, DATA_VENDA, HORA, ID_CLIENTE, ID_VENDEDOR, VALOR_TOTAL, DESCONTO, FORMA_PAGAMENTO)
VALUES (22, '2025-04-01', '20:30:00', 22, 22, 1392.2, 139.22, 'Dinheiro');

INSERT INTO TBL_VENDAS (ID_VENDA, DATA_VENDA, HORA, ID_CLIENTE, ID_VENDEDOR, VALOR_TOTAL, DESCONTO, FORMA_PAGAMENTO)
VALUES (23, '2025-04-01', '21:00:00', 23, 23, 1457.63, 145.76, 'Boleto');

INSERT INTO TBL_VENDAS (ID_VENDA, DATA_VENDA, HORA, ID_CLIENTE, ID_VENDEDOR, VALOR_TOTAL, DESCONTO, FORMA_PAGAMENTO)
VALUES (24, '2025-04-01', '21:30:00', 24, 24, 932.66, 46.63, 'Cartão');

INSERT INTO TBL_VENDAS (ID_VENDA, DATA_VENDA, HORA, ID_CLIENTE, ID_VENDEDOR, VALOR_TOTAL, DESCONTO, FORMA_PAGAMENTO)
VALUES (25, '2025-04-01', '22:00:00', 25, 25, 1313.52, 131.35, 'PIX');

INSERT INTO TBL_VENDAS (ID_VENDA, DATA_VENDA, HORA, ID_CLIENTE, ID_VENDEDOR, VALOR_TOTAL, DESCONTO, FORMA_PAGAMENTO)
VALUES (26, '2025-04-01', '22:30:00', 26, 26, 875.53, 87.55, 'Boleto');

INSERT INTO TBL_VENDAS (ID_VENDA, DATA_VENDA, HORA, ID_CLIENTE, ID_VENDEDOR, VALOR_TOTAL, DESCONTO, FORMA_PAGAMENTO)
VALUES (27, '2025-04-01', '23:00:00', 27, 27, 929.59, 0.0, 'PIX');

INSERT INTO TBL_VENDAS (ID_VENDA, DATA_VENDA, HORA, ID_CLIENTE, ID_VENDEDOR, VALOR_TOTAL, DESCONTO, FORMA_PAGAMENTO)
VALUES (28, '2025-04-01', '23:30:00', 28, 28, 1389.51, 0.0, 'Boleto');

INSERT INTO TBL_VENDAS (ID_VENDA, DATA_VENDA, HORA, ID_CLIENTE, ID_VENDEDOR, VALOR_TOTAL, DESCONTO, FORMA_PAGAMENTO)
VALUES (29, '2025-04-01', '00:00:00', 29, 29, 410.08, 20.5, 'Dinheiro');

INSERT INTO TBL_VENDAS (ID_VENDA, DATA_VENDA, HORA, ID_CLIENTE, ID_VENDEDOR, VALOR_TOTAL, DESCONTO, FORMA_PAGAMENTO)
VALUES (30, '2025-04-01', '00:30:00', 30, 30, 1366.72, 0.0, 'Cartão');


--INSERT DE USUARIOS--
INSERT INTO TBL_USUARIOS (ID_USUARIO, NOME, LOGIN, SENHA, PERFIL, ATIVO, DATA_CRIACAO)
VALUES (1, 'Ana Souza', 'ana.souza', '123ana', 'ADMIN', 'S', '2025-04-01');

INSERT INTO TBL_USUARIOS (ID_USUARIO, NOME, LOGIN, SENHA, PERFIL, ATIVO, DATA_CRIACAO)
VALUES (2, 'Carlos Lima', 'carlos.lima', 'car123', 'VENDEDOR', 'S', '2025-04-01');

INSERT INTO TBL_USUARIOS (ID_USUARIO, NOME, LOGIN, SENHA, PERFIL, ATIVO, DATA_CRIACAO)
VALUES (3, 'Fernanda Reis', 'fernanda.reis', 'fr456', 'CAIXA', 'N', '2025-04-01');

INSERT INTO TBL_USUARIOS (ID_USUARIO, NOME, LOGIN, SENHA, PERFIL, ATIVO, DATA_CRIACAO)
VALUES (4, 'João Pedro', 'joao.pedro', 'jp789', 'VENDEDOR', 'S', '2025-04-01');

INSERT INTO TBL_USUARIOS (ID_USUARIO, NOME, LOGIN, SENHA, PERFIL, ATIVO, DATA_CRIACAO)
VALUES (5, 'Marina Silva', 'marina.silva', 'ms159', 'ADMIN', 'S', '2025-04-01');

INSERT INTO TBL_USUARIOS (ID_USUARIO, NOME, LOGIN, SENHA, PERFIL, ATIVO, DATA_CRIACAO)
VALUES (6, 'Thiago Costa', 'thiago.costa', 'tc852', 'CAIXA', 'N', '2025-04-01');

INSERT INTO TBL_USUARIOS (ID_USUARIO, NOME, LOGIN, SENHA, PERFIL, ATIVO, DATA_CRIACAO)
VALUES (7, 'Aline Castro', 'aline.castro', 'ac963', 'VENDEDOR', 'S', '2025-04-01');

INSERT INTO TBL_USUARIOS (ID_USUARIO, NOME, LOGIN, SENHA, PERFIL, ATIVO, DATA_CRIACAO)
VALUES (8, 'Bruno Fernandes', 'bruno.fernandes', 'bf741', 'CAIXA', 'S', '2025-04-01');

INSERT INTO TBL_USUARIOS (ID_USUARIO, NOME, LOGIN, SENHA, PERFIL, ATIVO, DATA_CRIACAO)
VALUES (9, 'Juliana Lopes', 'juliana.lopes', 'jl258', 'VENDEDOR', 'N', '2025-04-01');

INSERT INTO TBL_USUARIOS (ID_USUARIO, NOME, LOGIN, SENHA, PERFIL, ATIVO, DATA_CRIACAO)
VALUES (10, 'Renato Vieira', 'renato.vieira', 'rv357', 'ADMIN', 'S', '2025-04-01');

INSERT INTO TBL_USUARIOS (ID_USUARIO, NOME, LOGIN, SENHA, PERFIL, ATIVO, DATA_CRIACAO)
VALUES (11, 'Camila Fernandes', 'camilafernandes', 'senha123', 'CAIXA', 'S', '2025-04-01');

INSERT INTO TBL_USUARIOS (ID_USUARIO, NOME, LOGIN, SENHA, PERFIL, ATIVO, DATA_CRIACAO)
VALUES (12, 'Felipe Andrade', 'felipea', '123456', 'VENDEDOR', 'S', '2025-04-01');

INSERT INTO TBL_USUARIOS (ID_USUARIO, NOME, LOGIN, SENHA, PERFIL, ATIVO, DATA_CRIACAO)
VALUES (13, 'Larissa Martins', 'larissam', 'lar123', 'ADMIN', 'S', '2025-04-01');

INSERT INTO TBL_USUARIOS (ID_USUARIO, NOME, LOGIN, SENHA, PERFIL, ATIVO, DATA_CRIACAO)
VALUES (14, 'Bruno Almeida', 'brunao', 'pass987', 'VENDEDOR', 'N', '2025-04-01');

INSERT INTO TBL_USUARIOS (ID_USUARIO, NOME, LOGIN, SENHA, PERFIL, ATIVO, DATA_CRIACAO)
VALUES (15, 'Juliana Rocha', 'julianar', 'abc123', 'CAIXA', 'S', '2025-04-01');

INSERT INTO TBL_USUARIOS (ID_USUARIO, NOME, LOGIN, SENHA, PERFIL, ATIVO, DATA_CRIACAO)
VALUES (16, 'Carlos Henrique', 'carlos.h', 'senha321', 'VENDEDOR', 'S', '2025-04-01');

INSERT INTO TBL_USUARIOS (ID_USUARIO, NOME, LOGIN, SENHA, PERFIL, ATIVO, DATA_CRIACAO)
VALUES (17, 'Tatiane Ribeiro', 'tatir', 'pass123', 'CAIXA', 'N', '2025-04-01');

INSERT INTO TBL_USUARIOS (ID_USUARIO, NOME, LOGIN, SENHA, PERFIL, ATIVO, DATA_CRIACAO)
VALUES (18, 'Eduardo Lima', 'edu.lima', '321abc', 'VENDEDOR', 'S', '2025-04-01');

INSERT INTO TBL_USUARIOS (ID_USUARIO, NOME, LOGIN, SENHA, PERFIL, ATIVO, DATA_CRIACAO)
VALUES (19, 'Letícia Alves', 'leticialves', 'le12345', 'ADMIN', 'S', '2025-04-01');

INSERT INTO TBL_USUARIOS (ID_USUARIO, NOME, LOGIN, SENHA, PERFIL, ATIVO, DATA_CRIACAO)
VALUES (20, 'Renato Dias', 'renatod', 'd!as789', 'VENDEDOR', 'N', '2025-04-01');

INSERT INTO TBL_USUARIOS (ID_USUARIO, NOME, LOGIN, SENHA, PERFIL, ATIVO, DATA_CRIACAO)
VALUES (21, 'Giovana Rocha', 'giovana.rocha', 'gr123', 'VENDEDOR', 'S', '2025-04-01');

INSERT INTO TBL_USUARIOS (ID_USUARIO, NOME, LOGIN, SENHA, PERFIL, ATIVO, DATA_CRIACAO)
VALUES (22, 'Rafael Almeida', 'rafael.almeida', 'ra456', 'CAIXA', 'S', '2025-04-01');

INSERT INTO TBL_USUARIOS (ID_USUARIO, NOME, LOGIN, SENHA, PERFIL, ATIVO, DATA_CRIACAO)
VALUES (23, 'Luciana Matos', 'luciana.matos', 'lm789', 'ADMIN', 'N', '2025-04-01');

INSERT INTO TBL_USUARIOS (ID_USUARIO, NOME, LOGIN, SENHA, PERFIL, ATIVO, DATA_CRIACAO)
VALUES (24, 'Mateus Duarte', 'mateus.duarte', 'md321', 'CAIXA', 'S', '2025-04-01');

INSERT INTO TBL_USUARIOS (ID_USUARIO, NOME, LOGIN, SENHA, PERFIL, ATIVO, DATA_CRIACAO)
VALUES (25, 'Patrícia Azevedo', 'patricia.azevedo', 'pa654', 'VENDEDOR', 'S', '2025-04-01');

INSERT INTO TBL_USUARIOS (ID_USUARIO, NOME, LOGIN, SENHA, PERFIL, ATIVO, DATA_CRIACAO)
VALUES (26, 'Eduardo Pires', 'eduardo.pires', 'ep987', 'ADMIN', 'N', '2025-04-01');

INSERT INTO TBL_USUARIOS (ID_USUARIO, NOME, LOGIN, SENHA, PERFIL, ATIVO, DATA_CRIACAO)
VALUES (27, 'Camila Mendes', 'camila.mendes', 'cm741', 'VENDEDOR', 'S', '2025-04-01');

INSERT INTO TBL_USUARIOS (ID_USUARIO, NOME, LOGIN, SENHA, PERFIL, ATIVO, DATA_CRIACAO)
VALUES (28, 'Henrique Sales', 'henrique.sales', 'hs852', 'CAIXA', 'S', '2025-04-01');

INSERT INTO TBL_USUARIOS (ID_USUARIO, NOME, LOGIN, SENHA, PERFIL, ATIVO, DATA_CRIACAO)
VALUES (29, 'Vanessa Luz', 'vanessa.luz', 'vl963', 'VENDEDOR', 'N', '2025-04-01');

INSERT INTO TBL_USUARIOS (ID_USUARIO, NOME, LOGIN, SENHA, PERFIL, ATIVO, DATA_CRIACAO)
VALUES (30, 'Rodrigo Campos', 'rodrigo.campos', 'rc159', 'ADMIN', 'S', '2025-04-01');

--INSERT DE ITENS DE VENDA--
INSERT INTO TBL_ITENS_VENDA (ID_VENDA, ID_PRODUTO, QUANTIDADE, PRECO_UNITARIO, DESCONTO, SUBTOTAL)
VALUES (1, 5, 2, 230.50, 10.00, 451.00); -- (2 * 230.50) - 10.00 = 451.00

INSERT INTO TBL_ITENS_VENDA (ID_VENDA, ID_PRODUTO, QUANTIDADE, PRECO_UNITARIO, DESCONTO, SUBTOTAL)
VALUES (2, 12, 1, 980.00, 0.00, 980.00); -- (1 * 980.00) - 0.00 = 980.00

INSERT INTO TBL_ITENS_VENDA (ID_VENDA, ID_PRODUTO, QUANTIDADE, PRECO_UNITARIO, DESCONTO, SUBTOTAL)
VALUES (3, 18, 3, 340.75, 30.00, 992.25); -- (3 * 340.75) - 30.00 = 992.25

INSERT INTO TBL_ITENS_VENDA (ID_VENDA, ID_PRODUTO, QUANTIDADE, PRECO_UNITARIO, DESCONTO, SUBTOTAL)
VALUES (4, 7, 2, 110.90, 15.00, 206.80); -- (2 * 110.90) - 15.00 = 206.80

INSERT INTO TBL_ITENS_VENDA (ID_VENDA, ID_PRODUTO, QUANTIDADE, PRECO_UNITARIO, DESCONTO, SUBTOTAL)
VALUES (5, 20, 1, 760.00, 25.00, 735.00); -- (1 * 760.00) - 25.00 = 735.00

INSERT INTO TBL_ITENS_VENDA (ID_VENDA, ID_PRODUTO, QUANTIDADE, PRECO_UNITARIO, DESCONTO, SUBTOTAL)
VALUES (6, 9, 4, 89.99, 35.00, 324.96); -- (4 * 89.99) - 35.00 = 324.96

INSERT INTO TBL_ITENS_VENDA (ID_VENDA, ID_PRODUTO, QUANTIDADE, PRECO_UNITARIO, DESCONTO, SUBTOTAL)
VALUES (7, 2, 1, 1500.00, 50.00, 1450.00); -- (1 * 1500.00) - 50.00 = 1450.00

INSERT INTO TBL_ITENS_VENDA (ID_VENDA, ID_PRODUTO, QUANTIDADE, PRECO_UNITARIO, DESCONTO, SUBTOTAL)
VALUES (8, 13, 2, 560.45, 40.00, 1080.90); -- (2 * 560.45) - 40.00 = 1080.90

INSERT INTO TBL_ITENS_VENDA (ID_VENDA, ID_PRODUTO, QUANTIDADE, PRECO_UNITARIO, DESCONTO, SUBTOTAL)
VALUES (9, 26, 1, 1200.00, 20.00, 1180.00); -- (1 * 1200.00) - 20.00 = 1180.00

INSERT INTO TBL_ITENS_VENDA (ID_VENDA, ID_PRODUTO, QUANTIDADE, PRECO_UNITARIO, DESCONTO, SUBTOTAL)
VALUES (10, 4, 3, 95.00, 10.00, 275.00); -- (3 * 95.00) - 10.00 = 275.00

INSERT INTO TBL_ITENS_VENDA (ID_VENDA, ID_PRODUTO, QUANTIDADE, PRECO_UNITARIO, DESCONTO, SUBTOTAL)
VALUES (11, 8, 2, 650.00, 50.00, 1250.00); -- (2 * 650.00) - 50.00 = 1250.00

INSERT INTO TBL_ITENS_VENDA (ID_VENDA, ID_PRODUTO, QUANTIDADE, PRECO_UNITARIO, DESCONTO, SUBTOTAL)
VALUES (12, 3, 1, 399.99, 0.00, 399.99); -- (1 * 399.99) - 0.00 = 399.99

INSERT INTO TBL_ITENS_VENDA (ID_VENDA, ID_PRODUTO, QUANTIDADE, PRECO_UNITARIO, DESCONTO, SUBTOTAL)
VALUES (13, 17, 3, 120.00, 20.00, 340.00); -- (3 * 120.00) - 20.00 = 340.00

INSERT INTO TBL_ITENS_VENDA (ID_VENDA, ID_PRODUTO, QUANTIDADE, PRECO_UNITARIO, DESCONTO, SUBTOTAL)
VALUES (14, 10, 2, 749.50, 49.00, 1450.00); -- (2 * 749.50) - 49.00 = 1450.00

INSERT INTO TBL_ITENS_VENDA (ID_VENDA, ID_PRODUTO, QUANTIDADE, PRECO_UNITARIO, DESCONTO, SUBTOTAL)
VALUES (15, 25, 1, 299.99, 10.00, 289.99); -- (1 * 299.99) - 10.00 = 289.99

INSERT INTO TBL_ITENS_VENDA (ID_VENDA, ID_PRODUTO, QUANTIDADE, PRECO_UNITARIO, DESCONTO, SUBTOTAL)
VALUES (16, 14, 5, 79.90, 20.00, 379.50); -- (5 * 79.90) - 20.00 = 379.50

INSERT INTO TBL_ITENS_VENDA (ID_VENDA, ID_PRODUTO, QUANTIDADE, PRECO_UNITARIO, DESCONTO, SUBTOTAL)
VALUES (17, 30, 1, 1899.90, 100.00, 1799.90); -- (1 * 1899.90) - 100.00 = 1799.90

INSERT INTO TBL_ITENS_VENDA (ID_VENDA, ID_PRODUTO, QUANTIDADE, PRECO_UNITARIO, DESCONTO, SUBTOTAL)
VALUES (18, 11, 2, 420.00, 30.00, 810.00); -- (2 * 420.00) - 30.00 = 810.00

INSERT INTO TBL_ITENS_VENDA (ID_VENDA, ID_PRODUTO, QUANTIDADE, PRECO_UNITARIO, DESCONTO, SUBTOTAL)
VALUES (19, 6, 4, 149.75, 25.00, 573.00); -- (4 * 149.75) - 25.00 = 573.00

INSERT INTO TBL_ITENS_VENDA (ID_VENDA, ID_PRODUTO, QUANTIDADE, PRECO_UNITARIO, DESCONTO, SUBTOTAL)
VALUES (20, 21, 3, 199.90, 30.00, 569.70); -- (3 * 199.90) - 30.00 = 569.70

INSERT INTO TBL_ITENS_VENDA (ID_VENDA, ID_PRODUTO, QUANTIDADE, PRECO_UNITARIO, DESCONTO, SUBTOTAL)
VALUES (21, 5, 2, 999.99, 100.00, 1899.98); -- (2 * 999.99) - 100.00

INSERT INTO TBL_ITENS_VENDA (ID_VENDA, ID_PRODUTO, QUANTIDADE, PRECO_UNITARIO, DESCONTO, SUBTOTAL)
VALUES (22, 9, 1, 289.00, 0.00, 289.00); -- (1 * 289.00)

INSERT INTO TBL_ITENS_VENDA (ID_VENDA, ID_PRODUTO, QUANTIDADE, PRECO_UNITARIO, DESCONTO, SUBTOTAL)
VALUES (23, 13, 4, 99.90, 10.00, 389.60); -- (4 * 99.90) - 10.00

INSERT INTO TBL_ITENS_VENDA (ID_VENDA, ID_PRODUTO, QUANTIDADE, PRECO_UNITARIO, DESCONTO, SUBTOTAL)
VALUES (24, 18, 2, 349.90, 49.90, 649.90); -- (2 * 349.90) - 49.90

INSERT INTO TBL_ITENS_VENDA (ID_VENDA, ID_PRODUTO, QUANTIDADE, PRECO_UNITARIO, DESCONTO, SUBTOTAL)
VALUES (25, 27, 3, 250.00, 25.00, 725.00); -- (3 * 250.00) - 25.00

INSERT INTO TBL_ITENS_VENDA (ID_VENDA, ID_PRODUTO, QUANTIDADE, PRECO_UNITARIO, DESCONTO, SUBTOTAL)
VALUES (26, 12, 1, 1299.00, 99.00, 1200.00); -- (1 * 1299.00) - 99.00

INSERT INTO TBL_ITENS_VENDA (ID_VENDA, ID_PRODUTO, QUANTIDADE, PRECO_UNITARIO, DESCONTO, SUBTOTAL)
VALUES (27, 7, 2, 650.00, 50.00, 1250.00); -- (2 * 650.00) - 50.00

INSERT INTO TBL_ITENS_VENDA (ID_VENDA, ID_PRODUTO, QUANTIDADE, PRECO_UNITARIO, DESCONTO, SUBTOTAL)
VALUES (28, 2, 5, 59.90, 20.00, 279.50); -- (5 * 59.90) - 20.00

INSERT INTO TBL_ITENS_VENDA (ID_VENDA, ID_PRODUTO, QUANTIDADE, PRECO_UNITARIO, DESCONTO, SUBTOTAL)
VALUES (29, 16, 3, 220.00, 60.00, 600.00); -- (3 * 220.00) - 60.00

INSERT INTO TBL_ITENS_VENDA (ID_VENDA, ID_PRODUTO, QUANTIDADE, PRECO_UNITARIO, DESCONTO, SUBTOTAL)
VALUES (30, 20, 4, 320.00, 40.00, 1240.00); -- (4 * 320.00) - 40.00

--INSERT DE COMISSOES--
-- Comissões de 1 a 10
INSERT INTO TBL_COMISSOES (ID_VENDEDOR, ID_VENDA, VALOR_COMISSAO, DATA_COMISSAO) VALUES (1, 1, 42.35, '2025-04-02');
INSERT INTO TBL_COMISSOES (ID_VENDEDOR, ID_VENDA, VALOR_COMISSAO, DATA_COMISSAO) VALUES (2, 2, 58.89, '2025-04-03');
INSERT INTO TBL_COMISSOES (ID_VENDEDOR, ID_VENDA, VALOR_COMISSAO, DATA_COMISSAO) VALUES (3, 3, 87.54, '2025-04-04');
INSERT INTO TBL_COMISSOES (ID_VENDEDOR, ID_VENDA, VALOR_COMISSAO, DATA_COMISSAO) VALUES (4, 4, 19.10, '2025-04-05');
INSERT INTO TBL_COMISSOES (ID_VENDEDOR, ID_VENDA, VALOR_COMISSAO, DATA_COMISSAO) VALUES (5, 5, 28.69, '2025-04-06');
INSERT INTO TBL_COMISSOES (ID_VENDEDOR, ID_VENDA, VALOR_COMISSAO, DATA_COMISSAO) VALUES (6, 6, 89.08, '2025-04-07');
INSERT INTO TBL_COMISSOES (ID_VENDEDOR, ID_VENDA, VALOR_COMISSAO, DATA_COMISSAO) VALUES (7, 7, 40.73, '2025-04-01');
INSERT INTO TBL_COMISSOES (ID_VENDEDOR, ID_VENDA, VALOR_COMISSAO, DATA_COMISSAO) VALUES (8, 8, 102.99, '2025-04-02');
INSERT INTO TBL_COMISSOES (ID_VENDEDOR, ID_VENDA, VALOR_COMISSAO, DATA_COMISSAO) VALUES (9, 9, 58.78, '2025-04-03');
INSERT INTO TBL_COMISSOES (ID_VENDEDOR, ID_VENDA, VALOR_COMISSAO, DATA_COMISSAO) VALUES (10, 10, 91.69, '2025-04-04');
-- Comissões de 11 a 20
INSERT INTO TBL_COMISSOES (ID_VENDEDOR, ID_VENDA, VALOR_COMISSAO, DATA_COMISSAO) VALUES (11, 11, 75.80, '2025-04-05');
INSERT INTO TBL_COMISSOES (ID_VENDEDOR, ID_VENDA, VALOR_COMISSAO, DATA_COMISSAO) VALUES (12, 12, 83.44, '2025-04-06');
INSERT INTO TBL_COMISSOES (ID_VENDEDOR, ID_VENDA, VALOR_COMISSAO, DATA_COMISSAO) VALUES (13, 13, 40.37, '2025-04-07');
INSERT INTO TBL_COMISSOES (ID_VENDEDOR, ID_VENDA, VALOR_COMISSAO, DATA_COMISSAO) VALUES (14, 14, 76.87, '2025-04-01');
INSERT INTO TBL_COMISSOES (ID_VENDEDOR, ID_VENDA, VALOR_COMISSAO, DATA_COMISSAO) VALUES (15, 15, 66.12, '2025-04-02');
INSERT INTO TBL_COMISSOES (ID_VENDEDOR, ID_VENDA, VALOR_COMISSAO, DATA_COMISSAO) VALUES (16, 16, 90.00, '2025-04-03');
INSERT INTO TBL_COMISSOES (ID_VENDEDOR, ID_VENDA, VALOR_COMISSAO, DATA_COMISSAO) VALUES (17, 17, 52.66, '2025-04-04');
INSERT INTO TBL_COMISSOES (ID_VENDEDOR, ID_VENDA, VALOR_COMISSAO, DATA_COMISSAO) VALUES (18, 18, 47.35, '2025-04-05');
INSERT INTO TBL_COMISSOES (ID_VENDEDOR, ID_VENDA, VALOR_COMISSAO, DATA_COMISSAO) VALUES (19, 19, 66.50, '2025-04-06');
INSERT INTO TBL_COMISSOES (ID_VENDEDOR, ID_VENDA, VALOR_COMISSAO, DATA_COMISSAO) VALUES (20, 20, 78.22, '2025-04-07');
-- Comissões de 21 a 30
INSERT INTO TBL_COMISSOES (ID_VENDEDOR, ID_VENDA, VALOR_COMISSAO, DATA_COMISSAO) VALUES (21, 21, 74.95, '2025-04-01');
INSERT INTO TBL_COMISSOES (ID_VENDEDOR, ID_VENDA, VALOR_COMISSAO, DATA_COMISSAO) VALUES (22, 22, 85.23, '2025-04-02');
INSERT INTO TBL_COMISSOES (ID_VENDEDOR, ID_VENDA, VALOR_COMISSAO, DATA_COMISSAO) VALUES (23, 23, 39.90, '2025-04-03');
INSERT INTO TBL_COMISSOES (ID_VENDEDOR, ID_VENDA, VALOR_COMISSAO, DATA_COMISSAO) VALUES (24, 24, 92.88, '2025-04-04');
INSERT INTO TBL_COMISSOES (ID_VENDEDOR, ID_VENDA, VALOR_COMISSAO, DATA_COMISSAO) VALUES (25, 25, 67.70, '2025-04-05');
INSERT INTO TBL_COMISSOES (ID_VENDEDOR, ID_VENDA, VALOR_COMISSAO, DATA_COMISSAO) VALUES (26, 26, 49.87, '2025-04-06');
INSERT INTO TBL_COMISSOES (ID_VENDEDOR, ID_VENDA, VALOR_COMISSAO, DATA_COMISSAO) VALUES (27, 27, 88.91, '2025-04-07');
INSERT INTO TBL_COMISSOES (ID_VENDEDOR, ID_VENDA, VALOR_COMISSAO, DATA_COMISSAO) VALUES (28, 28, 61.30, '2025-04-01');
INSERT INTO TBL_COMISSOES (ID_VENDEDOR, ID_VENDA, VALOR_COMISSAO, DATA_COMISSAO) VALUES (29, 29, 55.65, '2025-04-02');
INSERT INTO TBL_COMISSOES (ID_VENDEDOR, ID_VENDA, VALOR_COMISSAO, DATA_COMISSAO) VALUES (30, 30, 71.42, '2025-04-03');

--INSERT DE ACESSO DE USUARIOS--
INSERT INTO TBL_ACESSOS_USUARIOS (ID_ACESSO, ID_USUARIO, DATA_ACESSO, HORA_ACESSO, IP_ACESSO, TIPO_ACESSO)
VALUES (1, 6, '2025-04-01', '08:00:00', '192.168.0.6', 'Web');

INSERT INTO TBL_ACESSOS_USUARIOS (ID_ACESSO, ID_USUARIO, DATA_ACESSO, HORA_ACESSO, IP_ACESSO, TIPO_ACESSO)
VALUES (2, 7, '2025-04-01', '08:05:00', '192.168.0.7', 'Mobile');

INSERT INTO TBL_ACESSOS_USUARIOS (ID_ACESSO, ID_USUARIO, DATA_ACESSO, HORA_ACESSO, IP_ACESSO, TIPO_ACESSO)
VALUES (3, 8, '2025-04-01', '08:10:00', '192.168.0.8', 'Desktop');

INSERT INTO TBL_ACESSOS_USUARIOS (ID_ACESSO, ID_USUARIO, DATA_ACESSO, HORA_ACESSO, IP_ACESSO, TIPO_ACESSO)
VALUES (4, 9, '2025-04-01', '08:15:00', '192.168.0.9', 'Web');

INSERT INTO TBL_ACESSOS_USUARIOS (ID_ACESSO, ID_USUARIO, DATA_ACESSO, HORA_ACESSO, IP_ACESSO, TIPO_ACESSO)
VALUES (5, 10, '2025-04-01', '08:20:00', '192.168.0.10', 'Mobile');

INSERT INTO TBL_ACESSOS_USUARIOS (ID_ACESSO, ID_USUARIO, DATA_ACESSO, HORA_ACESSO, IP_ACESSO, TIPO_ACESSO)
VALUES (6, 11, '2025-04-01', '08:25:00', '192.168.0.11', 'Web');

INSERT INTO TBL_ACESSOS_USUARIOS (ID_ACESSO, ID_USUARIO, DATA_ACESSO, HORA_ACESSO, IP_ACESSO, TIPO_ACESSO)
VALUES (7, 12, '2025-04-01', '08:30:00', '192.168.0.12', 'Mobile');

INSERT INTO TBL_ACESSOS_USUARIOS (ID_ACESSO, ID_USUARIO, DATA_ACESSO, HORA_ACESSO, IP_ACESSO, TIPO_ACESSO)
VALUES (8, 13, '2025-04-01', '08:35:00', '192.168.0.13', 'Web');

INSERT INTO TBL_ACESSOS_USUARIOS (ID_ACESSO, ID_USUARIO, DATA_ACESSO, HORA_ACESSO, IP_ACESSO, TIPO_ACESSO)
VALUES (9, 14, '2025-04-01', '08:40:00', '192.168.0.14', 'Desktop');

INSERT INTO TBL_ACESSOS_USUARIOS (ID_ACESSO, ID_USUARIO, DATA_ACESSO, HORA_ACESSO, IP_ACESSO, TIPO_ACESSO)
VALUES (10, 15, '2025-04-01', '08:45:00', '192.168.0.15', 'Web');

--DELETES--
-- 1. Deletar da tabela de comissões
DELETE FROM TBL_COMISSOES WHERE ID_VENDA IN (1, 2, 3, 4, 5);

-- 2. Deletar da tabela de itens de venda
DELETE FROM TBL_ITENS_VENDA WHERE ID_VENDA IN (1, 2, 3, 4, 5);

-- 3. Deletar da tabela de vendas
DELETE FROM TBL_VENDAS WHERE ID_VENDA IN (1, 2, 3, 4, 5);

-- 4. Deletar da tabela de usuários
DELETE FROM TBL_USUARIOS WHERE ID_USUARIO IN (1, 2, 3, 4, 5);

-- 5. Deletar da tabela de produtos
DELETE FROM TBL_PRODUTOS WHERE ID_PRODUTO IN (1, 2, 3, 4, 5);

-- 6. Deletar da tabela de vendedores
DELETE FROM TBL_VENDEDORES WHERE ID_VENDEDOR IN (1, 2, 3, 4, 5);

-- 7. Deletar da tabela de clientes
DELETE FROM TBL_CLIENTES WHERE ID_CLIENTE IN (1, 2, 3, 4, 5);

--UPDATES--
--UPDATE DA TABELA DE CLIENTES--
UPDATE TBL_CLIENTES SET EMAIL = 'atualizado1@email.com' WHERE ID_CLIENTE = 1;
UPDATE TBL_CLIENTES SET TELEFONE = '(11) 98888-0001' WHERE ID_CLIENTE = 2;
UPDATE TBL_CLIENTES SET ENDERECO = 'Rua Nova 100' WHERE ID_CLIENTE = 3;
UPDATE TBL_CLIENTES SET ATIVO = 'N' WHERE ID_CLIENTE = 4;
UPDATE TBL_CLIENTES SET PREFERENCIAS = 'Promoções' WHERE ID_CLIENTE = 5;
UPDATE TBL_CLIENTES SET EMAIL = 'novoemail6@email.com' WHERE ID_CLIENTE = 6;
UPDATE TBL_CLIENTES SET TELEFONE = '(62) 99999-1111' WHERE ID_CLIENTE = 7;
UPDATE TBL_CLIENTES SET HISTORICO_COMPRAS = 'Cliente regular' WHERE ID_CLIENTE = 8;
UPDATE TBL_CLIENTES SET ENDERECO = 'Av. Central, 321' WHERE ID_CLIENTE = 9;
UPDATE TBL_CLIENTES SET NOME = 'Nome Atualizado' WHERE ID_CLIENTE = 10;

--UPDATE DA TABELA DE PRODUTOS--
UPDATE TBL_PRODUTOS SET PRECO_VENDA = 99.90 WHERE ID_PRODUTO = 1;
UPDATE TBL_PRODUTOS SET QUANTIDADE_ESTOQUE = 150 WHERE ID_PRODUTO = 2;
UPDATE TBL_PRODUTOS SET FORNECEDOR = 'Fornecedor Atualizado' WHERE ID_PRODUTO = 3;
UPDATE TBL_PRODUTOS SET DESCRICAO = 'Novo Produto Teste' WHERE ID_PRODUTO = 4;
UPDATE TBL_PRODUTOS SET CATEGORIA = 'Atualizado' WHERE ID_PRODUTO = 5;
UPDATE TBL_PRODUTOS SET PRECO_CUSTO = 45.70 WHERE ID_PRODUTO = 6;
UPDATE TBL_PRODUTOS SET CODIGO = 'ATUALIZADO07' WHERE ID_PRODUTO = 7;
UPDATE TBL_PRODUTOS SET ATIVO = 'N' WHERE ID_PRODUTO = 8;
UPDATE TBL_PRODUTOS SET DESCRICAO = 'Mouse Ergonômico Atualizado' WHERE ID_PRODUTO = 9;
UPDATE TBL_PRODUTOS SET FORNECEDOR = 'NovaTech' WHERE ID_PRODUTO = 10;

--UPDATE TABELA DE USUÁRIOS--
UPDATE TBL_USUARIOS SET PERFIL = 'CAIXA' WHERE ID_USUARIO = 1;
UPDATE TBL_USUARIOS SET LOGIN = 'novo_login2' WHERE ID_USUARIO = 2;
UPDATE TBL_USUARIOS SET SENHA = 'senhaNova123' WHERE ID_USUARIO = 3;
UPDATE TBL_USUARIOS SET ATIVO = 'N' WHERE ID_USUARIO = 4;
UPDATE TBL_USUARIOS SET NOME = 'Usuário Atualizado' WHERE ID_USUARIO = 5;
UPDATE TBL_USUARIOS SET PERFIL = 'VENDEDOR' WHERE ID_USUARIO = 6;
UPDATE TBL_USUARIOS SET LOGIN = 'lucas.vendedor' WHERE ID_USUARIO = 7;
UPDATE TBL_USUARIOS SET SENHA = 'segura!2025' WHERE ID_USUARIO = 8;
UPDATE TBL_USUARIOS SET PERFIL = 'ADMIN' WHERE ID_USUARIO = 9;
UPDATE TBL_USUARIOS SET NOME = 'Mariana Vendedora' WHERE ID_USUARIO = 10;

--UPDATE TABELA DE VENDEDORES--
UPDATE TBL_VENDEDORES SET EMAIL = 'vendedor1@empresa.com' WHERE ID_VENDEDOR = 1;
UPDATE TBL_VENDEDORES SET TELEFONE = '(61) 99888-3344' WHERE ID_VENDEDOR = 2;
UPDATE TBL_VENDEDORES SET NOME = 'Vendedor Atualizado' WHERE ID_VENDEDOR = 3;
UPDATE TBL_VENDEDORES SET ATIVO = 'N' WHERE ID_VENDEDOR = 4;
UPDATE TBL_VENDEDORES SET DATA_ADMISSAO = '2024-05-01' WHERE ID_VENDEDOR = 5;
UPDATE TBL_VENDEDORES SET CPF = '111.222.333-44' WHERE ID_VENDEDOR = 6;
UPDATE TBL_VENDEDORES SET TELEFONE = '(41) 99874-5656' WHERE ID_VENDEDOR = 7;
UPDATE TBL_VENDEDORES SET EMAIL = 'atualizado8@empresa.com' WHERE ID_VENDEDOR = 8;
UPDATE TBL_VENDEDORES SET ATIVO = 'S' WHERE ID_VENDEDOR = 9;
UPDATE TBL_VENDEDORES SET NOME = 'Carlos Vendas' WHERE ID_VENDEDOR = 10;

--UPDATE TABELA DE VENDAS--
UPDATE TBL_VENDAS SET FORMA_PAGAMENTO = 'PIX' WHERE ID_VENDA = 1;
UPDATE TBL_VENDAS SET VALOR_TOTAL = 1999.99 WHERE ID_VENDA = 2;
UPDATE TBL_VENDAS SET DESCONTO = 10.00 WHERE ID_VENDA = 3;
UPDATE TBL_VENDAS SET HORA = '10:00:00' WHERE ID_VENDA = 4;
UPDATE TBL_VENDAS SET ID_CLIENTE = 15 WHERE ID_VENDA = 5;
UPDATE TBL_VENDAS SET ID_VENDEDOR = 10 WHERE ID_VENDA = 6;
UPDATE TBL_VENDAS SET FORMA_PAGAMENTO = 'Cartão' WHERE ID_VENDA = 7;
UPDATE TBL_VENDAS SET VALOR_TOTAL = 600.00 WHERE ID_VENDA = 8;
UPDATE TBL_VENDAS SET DESCONTO = 30.00 WHERE ID_VENDA = 9;
UPDATE TBL_VENDAS SET HORA = '11:30:00' WHERE ID_VENDA = 10;

--UPDATE TABELA ITENS VENDA--
UPDATE TBL_ITENS_VENDA SET QUANTIDADE = 3 WHERE ID_VENDA = 1 AND ID_PRODUTO = 1;
UPDATE TBL_ITENS_VENDA SET PRECO_UNITARIO = 199.99 WHERE ID_VENDA = 2 AND ID_PRODUTO = 2;
UPDATE TBL_ITENS_VENDA SET DESCONTO = 15.00 WHERE ID_VENDA = 3 AND ID_PRODUTO = 3;
UPDATE TBL_ITENS_VENDA SET SUBTOTAL = 399.99 WHERE ID_VENDA = 4 AND ID_PRODUTO = 4;
UPDATE TBL_ITENS_VENDA SET QUANTIDADE = 5 WHERE ID_VENDA = 5 AND ID_PRODUTO = 5;
UPDATE TBL_ITENS_VENDA SET PRECO_UNITARIO = 59.90 WHERE ID_VENDA = 6 AND ID_PRODUTO = 6;
UPDATE TBL_ITENS_VENDA SET SUBTOTAL = 179.70 WHERE ID_VENDA = 7 AND ID_PRODUTO = 7;
UPDATE TBL_ITENS_VENDA SET DESCONTO = 8.00 WHERE ID_VENDA = 8 AND ID_PRODUTO = 8;
UPDATE TBL_ITENS_VENDA SET QUANTIDADE = 2 WHERE ID_VENDA = 9 AND ID_PRODUTO = 9;
UPDATE TBL_ITENS_VENDA SET SUBTOTAL = 0.00 WHERE ID_VENDA = 10 AND ID_PRODUTO = 10;

--UPDATE TABELA COMISSOES--
UPDATE TBL_COMISSOES SET VALOR_COMISSAO = 80.00 WHERE ID_VENDEDOR = 1 AND ID_VENDA = 1;
UPDATE TBL_COMISSOES SET VALOR_COMISSAO = 120.00 WHERE ID_VENDEDOR = 2 AND ID_VENDA = 2;
UPDATE TBL_COMISSOES SET VALOR_COMISSAO = 50.50 WHERE ID_VENDEDOR = 3 AND ID_VENDA = 3;
UPDATE TBL_COMISSOES SET VALOR_COMISSAO = 99.90 WHERE ID_VENDEDOR = 4 AND ID_VENDA = 4;
UPDATE TBL_COMISSOES SET DATA_COMISSAO = '2025-04-01' WHERE ID_VENDEDOR = 5 AND ID_VENDA = 5;
UPDATE TBL_COMISSOES SET DATA_COMISSAO = '2025-04-02' WHERE ID_VENDEDOR = 6 AND ID_VENDA = 6;
UPDATE TBL_COMISSOES SET VALOR_COMISSAO = 40.00 WHERE ID_VENDEDOR = 7 AND ID_VENDA = 7;
UPDATE TBL_COMISSOES SET VALOR_COMISSAO = 60.00 WHERE ID_VENDEDOR = 8 AND ID_VENDA = 8;
UPDATE TBL_COMISSOES SET VALOR_COMISSAO = 77.77 WHERE ID_VENDEDOR = 9 AND ID_VENDA = 9;
UPDATE TBL_COMISSOES SET VALOR_COMISSAO = 33.33 WHERE ID_VENDEDOR = 10 AND ID_VENDA = 10;

--SCRIPTS--
--INNER JOIN--
SELECT v.ID_VENDA, c.NOME AS CLIENTE, v.VALOR_TOTAL, v.FORMA_PAGAMENTO
FROM TBL_VENDAS v
INNER JOIN TBL_CLIENTES c ON v.ID_CLIENTE = c.ID_CLIENTE;

--LEFT JOIN--
SELECT c.ID_CLIENTE, c.NOME, v.ID_VENDA, v.VALOR_TOTAL
FROM TBL_CLIENTES c
LEFT JOIN TBL_VENDAS v ON c.ID_CLIENTE = v.ID_CLIENTE;

--RIGHT JOIN--
SELECT c.ID_CLIENTE, c.NOME, v.ID_VENDA, v.VALOR_TOTAL
FROM TBL_CLIENTES c
RIGHT JOIN TBL_VENDAS v ON c.ID_CLIENTE = v.ID_CLIENTE;

--FULL JOIN--
SELECT c.ID_CLIENTE, c.NOME, v.ID_VENDA, v.VALOR_TOTAL
FROM TBL_CLIENTES c
FULL JOIN TBL_VENDAS v ON c.ID_CLIENTE = v.ID_CLIENTE;